구,행정동,사업장명,인허가일자,소재지도로명주소,소재지지번주소
수정구,단대동,금광동물병원,1991-01-18,경기도 성남시 수정구 산성대로 431 (단대동),경기도 성남시 수정구 단대동 97-3번지
분당구,수내1동,분당헤르쯔 동물병원,1993-12-21,"경기도 성남시 분당구 돌마로 364, 현대제일상가 1층 17,18,19호 (수내동)",경기도 성남시 분당구 수내동 79번지 2호 현대제일상가 
분당구,서현1동,서울종합동물병원,1994-06-24,경기도 성남시 분당구 불정로 381 (서현동),경기도 성남시 분당구 서현동 305-1
중원구,상대원1동,한국동물병원,1994-12-20,"경기도 성남시 중원구 희망로 360, 10호 (상대원동)",경기도 성남시 중원구 상대원동 2999-10번지 10호
분당구,정자2동,상록 동물병원,1995-08-17,경기도 성남시 분당구 정자로 78 (정자동),경기도 성남시 분당구 정자동 126-1번지
중원구,하대원동,성남동물병원,2001-04-24,"경기도 성남시 중원구 둔촌대로 243, 3호 (하대원동)",경기도 성남시 중원구 하대원동 127-3
분당구,서현1동,우성동물병원,1996-04-16,"경기도 성남시 분당구 돌마로 481, 분당우성프라자 (서현동)",경기도 성남시 분당구 서현동 95번지 분당우성프라자
수정구,신흥3동,가나동물병원,2001-07-14,"경기도 성남시 수정구 수정로 160 (신흥동, 신흥상가)",경기도 성남시 수정구 신흥동 5536번지
중원구,성남동,조은동물병원,2004-01-14,"경기도 성남시 중원구 광명로142번길 3, 미래타운 B101호 (성남동)",경기도 성남시 중원구 성남동 2759 미래타운
수정구,신흥3동,신흥동물병원,2004-04-09,"경기도 성남시 수정구 수정로 226, 창진빌딩 (신흥동)",경기도 성남시 수정구 신흥동 3414번지 창진빌딩
분당구,금곡동,굿모닝펫 동물병원,2004-05-03,"경기도 성남시 분당구 정자일로 55, 108-110호 (금곡동, 분당두산위브아파트)",경기도 성남시 분당구 금곡동 192 분당두산위브아파트 108-110호
분당구,금곡동,엔젤동물병원,2004-06-19,"경기도 성남시 분당구 성남대로171번길 17, 씨티밸리 101호 (금곡동)",경기도 성남시 분당구 금곡동 172번지 씨티밸리 101호
분당구,야탑2동,아이펫동물병원,2004-07-20,"경기도 성남시 분당구 장미로 78, 시그마3 105호 (야탑동)",경기도 성남시 분당구 야탑동 360-1번지 시그마3 105호
중원구,금광1동,강남동물병원,2004-08-13,경기도 성남시 중원구 광명로 341 (금광동),경기도 성남시 중원구 금광동 3661
분당구,이매1동,아름동물병원,2005-04-08,"경기도 성남시 분당구 성남대로779번길 52, 신흥코아 102호 (이매동)",경기도 성남시 분당구 이매동 137-4번지 신흥코아 102호
수정구,복정동,이플동물병원,2006-02-21,경기도 성남시 수정구 복정로 35 (복정동),경기도 성남시 수정구 복정동 694번지
분당구,정자1동,분당정자 동물병원,2007-09-13,"경기도 성남시 분당구 정자일로 120, 119호 (정자동, 아데나루체 상가 )",경기도 성남시 분당구 정자동 170-1번지 아데나 루체상가 119호
중원구,중앙동,세이브 동물병원,2008-01-30,경기도 성남시 중원구 산성대로 336-3 (중앙동),경기도 성남시 중원구 중앙동 241번지
분당구,야탑2동,우리들 동물병원,2008-04-17,"경기도 성남시 분당구 야탑로 103, 노블리치2 오피스텔 2층 206호 (야탑동)",경기도 성남시 분당구 야탑동 367-6 노블리치2 오피스텔
분당구,구미동,분당고은 동물병원,2008-05-02,"경기도 성남시 분당구 매화로 40 (야탑동, 동륜빌딩)",경기도 성남시 분당구 야탑동 291-4번지
중원구,도촌동,도촌 동물병원,2008-05-28,"경기도 성남시 중원구 도촌남로 37, 도촌프라자 109호 (도촌동)",경기도 성남시 중원구 도촌동 568번지 도촌프라자 109호
분당구,서현1동,아프리카 동물병원,2008-10-07,"경기도 성남시 분당구 서현로 170, 풍림아이원플러스 108호 (서현동)",경기도 성남시 분당구 서현동 255-1번지 풍림아이원플러스 108호
분당구,서현1동,분당중앙 동물병원,2009-05-13,"경기도 성남시 분당구 중앙공원로39번길 49, 서현 지엔느 108호 (서현동)",경기도 성남시 분당구 서현동 88번지 서현 지엔느 108호
분당구,구미동,건국 동물병원,2009-07-02,"경기도 성남시 수정구 수정로 131, 109호 (태평동, 낙원스카이뷰)",경기도 성남시 수정구 태평동 3659번지 낙원스카이뷰 109호
분당구,정자동,우리동물병원,2009-07-28,경기도 성남시 분당구 백현로156번길 17-2 (정자동),경기도 성남시 분당구 정자동 56-1번지
분당구,서현1동,서현동물병원,2009-11-12,"경기도 성남시 분당구 중앙공원로31번길 42, 서현파크플라자 1층 142호 (서현동)",경기도 성남시 분당구 서현동 89 서현파크플라자 142호
분당구,백현동,판교종합 동물병원,2010-01-18,경기도 성남시 분당구 동판교로 122 (백현동),경기도 성남시 분당구 백현동 545번지 백현마을 A21-2 나상가 104동
분당구,삼평동,판교 행복한 동물병원,2010-02-04,"경기도 성남시 분당구 동판교로 226, 204·205·206호 (삼평동, 봇들마을4단지아파트)",경기도 성남시 분당구 삼평동 718번지 봇들마을4단지아파트
분당구,판교동,정원 양한방동물병원,2010-05-26,"경기도 성남시 분당구 운중로 233, 201호 (판교동,한솔플라자)",경기도 성남시 분당구 판교동 621-2번지 한솔플라자 201호
분당구,분당동,활기찬동물병원,2011-01-05,"경기도 성남시 분당구 장안로 39, 한일빌딩 102-2호 (분당동)",경기도 성남시 분당구 분당동 90-1번지 한일빌딩 102-2호
수정구,복정동,최재호 한방동물병원,2011-02-25,경기도 성남시 수정구 복정로 129 (복정동),경기도 성남시 수정구 복정동 645-5번지
분당구,수내2동,펫 앤 쉘터 동물병원,2011-05-06,"경기도 성남시 분당구 불정로 266, 2층 (수내동, 그린플라자)",경기도 성남시 분당구 수내동 87-1번지
분당구,판교동,판교 P&P 동물병원,2011-07-20,"경기도 성남시 분당구 서판교로 36, 104호 (판교동)",경기도 성남시 분당구 판교동 577-3번지 104호
분당구,구미동,나라 동물병원,2011-08-16,"경기도 성남시 분당구 미금로 48, 오성프라자 113호 (구미동)",경기도 성남시 분당구 구미동 205-1번지 오성프라자 113호
분당구,수내1동,남현우동물병원,2011-08-16,"경기도 성남시 분당구 내정로173번길 11, 603동 139호 (수내동, 양지마을한양아파트)",경기도 성남시 분당구 수내동 29번지 양지마을한양아파트 603동 139호
수정구,태평1동,시드니동물병원,2011-10-04,경기도 성남시 수정구 태평로 10 (태평동),경기도 성남시 수정구 태평동 5104번지
분당구,이매2동,수아동물병원,2011-12-21,"경기도 성남시 분당구 판교로 446, 108호 (이매동, 그린프라자)",경기도 성남시 분당구 이매동 131-8번지 108호
분당구,운중동,수 동물병원,2012-03-19,"경기도 성남시 분당구 운중로 141, 101-1호 (운중동)",경기도 성남시 분당구 운중동 967번지 
분당구,구미동,현대 동물병원,2012-03-23,"경기도 성남시 분당구 성남대로 30, 111호 (구미동, 동아그린프라자)",경기도 성남시 분당구 구미동 185-5번지 동아그린프라자 111호
중원구,성남동,모란동물병원,2012-08-10,"경기도 성남시 중원구 성남대로 1126, 106호 (성남동, 매가프라자)",경기도 성남시 중원구 성남동 4123번지 매가프라자 106호
수정구,신흥2동,초이종합동물병원,2012-08-17,경기도 성남시 수정구 시민로 159 (신흥동),경기도 성남시 수정구 신흥동 5168번지
분당구,정자1동,분당파크뷰 동물병원,2012-11-02,"경기도 성남시 분당구 정자일로 248, 112호 (정자동, 파크뷰상가)",경기도 성남시 분당구 정자동 6번지 파크뷰상가 112호
분당구,백현동,AtoZ동물병원,2013-01-14,"경기도 성남시 분당구 판교역로 145, 라스트리트2동 2층 213호 (백현동, 알파리움2단지)",경기도 성남시 분당구 백현동 530 알파리움2단지
중원구,하대원동,서현 동물병원,2013-02-01,"경기도 성남시 중원구 성남대로 1110, 1층 (하대원동)",경기도 성남시 중원구 하대원동 100-7
중원구,상대원3동,정동물병원,2013-08-06,"경기도 성남시 중원구 금상로 72, 1층 (상대원동)",경기도 성남시 중원구 상대원동 2316번지 
중원구,은행2동,젠(Gen)동물병원,2013-09-30,"경기도 성남시 분당구 양현로 479, 2층 (야탑동)",경기도 성남시 분당구 야탑동 202-3번지
분당구,정자1동,웰리스 클리닉,2013-10-07,경기도 성남시 분당구 불정로 134 (정자동),경기도 성남시 분당구 정자동 211번지
분당구,정자1동,세인트존스동물병원,2014-07-22,"경기도 성남시 분당구 정자일로 197, 101호 (정자동, 푸르지오씨티 2차)",경기도 성남시 분당구 정자동 16-2번지
분당구,운중동,어니스트 동물병원,2014-08-06,"경기도 성남시 분당구 운중로113번길 12-5, 1층 (운중동, MM하우스)",경기도 성남시 분당구 운중동 979번지
분당구,구미동,중앙동물병원,2015-03-09,경기도 성남시 수정구 수정로 139 (태평동),경기도 성남시 수정구 태평동 3502번지
분당구,서현1동,Dr. 오즈 동물병원,2015-05-28,"경기도 성남시 분당구 분당로263번길 39, 109호 (서현동, 레이디파크)",경기도 성남시 분당구 서현동 312-1번지 109호
분당구,백현동,백현 동물병원,2015-09-23,"경기도 성남시 분당구 동판교로52번길 6, 외 1필지(분당구 동판교로52번길 8) 1층 (백현동)",경기도 성남시 분당구 백현동 597-1
분당구,판교동,이진수동물병원,2015-10-30,"경기도 성남시 분당구 운중로243번길 3-6, 1층 (판교동)",경기도 성남시 분당구 판교동 619-9번지
중원구,금광2동,24시 폴 동물병원,2016-04-28,"경기도 성남시 분당구 성남대로 385, 102호 (정자동, 분당클리닉빌딩)",경기도 성남시 분당구 정자동 15-2번지
중원구,은행2동,이매 동물병원,2016-04-28,"경기도 성남시 분당구 성남대로779번길 17, 1층 (이매동, 포티스빌딩)",경기도 성남시 분당구 이매동 106-3번지
중원구,금광1동,굿데이동물병원,2016-05-31,"경기도 성남시 분당구 불곡로 4 (정자동, 리더스프라자)","경기도 성남시 분당구 불곡로 4 (정자동, 리더스프라자)"
수정구,위례동,아이유동물메디컬센터,2016-06-27,"경기도 성남시 수정구 위례광장로 5, 위례우남역아이파크 3층 301·302·317호 (창곡동)",경기도 성남시 분당구 정자동 219-3 리더스프라자
수정구,위례동,위례나무동물병원,2016-07-19,"경기도 성남시 수정구 위례동로 147, 106호 (창곡동, 위례건아타워)",경기도 성남시 수정구 창곡동 513-2번지
수정구,수진2동,딜리동물병원,2016-10-17,"경기도 성남시 분당구 성남대로 884-9, 101호 (야탑동, 라비앙오피스텔)",경기도 성남시 분당구 야탑동 513-3번지 101호
분당구,야탑2동,분당24시동물의료센터,2016-11-26,"경기도 성남시 분당구 야탑로 24, 101호 (야탑동, 덕인빌딩)",경기도 성남시 분당구 야탑동 537-2번지 101호
수정구,위례동,그레이동물의료센터,2016-12-19,"경기도 성남시 수정구 위례광장로 320, 214호 (창곡동, 아이에스센트럴타워)",경기도 성남시 수정구 창곡동 509-3번지 214호
수정구,수진1동,서울동물병원,2017-01-18,"경기도 성남시 수정구 수정로 110, 1층 (수진동)",경기도 성남시 수정구 수진동 53번지
분당구,판교동,동물병원 돌봄,2017-03-30,"경기도 성남시 분당구 서판교로 160, 101호 (판교동, 스타식스밸리)",경기도 성남시 분당구 판교동 497번지 101호
분당구,구미동,365동물병원 분당점,2017-04-04,"경기도 성남시 분당구 미금일로90번길 32, 125호 (구미동)",경기도 성남시 분당구 구미동 30번지 125호
분당구,백현동,힐링힐스 동물 치과병원,2017-05-18,경기도 성남시 분당구 동판교로52번길 9-11 (백현동),경기도 성남시 분당구 백현동 603-3
분당구,구미1동,분당필동물병원,2017-05-30,경기도 성남시 분당구 금곡로15번길 1 (구미동),경기도 성남시 분당구 구미동 125-3번지
수정구,위례동,스칸디동물병원,2017-06-08,"경기도 성남시 수정구 위례광장로 70 (창곡동, 아트리버푸르지오)",경기도 성남시 수정구 창곡동 530번지
분당구,정자2동,그레이트 동물병원,2017-06-09,"경기도 성남시 분당구 정자로 80, 1층 (정자동, 정자프라자)",경기도 성남시 분당구 정자동 126-2번지
분당구,서현2동,미래동물의료센터,2017-07-13,"경기도 성남시 분당구 서현로255번길 1, 1층 (서현동)",경기도 성남시 분당구 서현동 80-1
분당구,야탑3동,야탑서울동물병원,2017-07-21,"경기도 성남시 분당구 벌말로 33, 206호 (야탑동, 일심조합상가)",경기도 성남시 분당구 야탑동 274-3번지
분당구,금곡동,에버펫동물병원,2017-11-08,"경기도 성남시 분당구 성남대로 165, 118호 (금곡동)",경기도 성남시 분당구 금곡동 161번지 천사의도시1 오피스텔
분당구,구미동,한국동물선진의료연구소(KASMINE) 동물심혈관신장센터,2018-01-05,"경기도 성남시 분당구 미금로 43, 정운빌딩 1층 (구미동)",경기도 성남시 분당구 구미동 204-1번지
분당구,이매2동,분당우리동물의료센터,2018-01-26,"경기도 성남시 분당구 양현로94번길 19, 새남서울조합상가 202호 (이매동)",경기도 성남시 분당구 이매동 120-6번지 새남서울조합상가 202호
분당구,판교동,메르시 동물병원,2018-02-01,"경기도 성남시 분당구 운중로 255, 티에스로드2 201호 (판교동)",경기도 성남시 분당구 판교동 590 티에스로드2 201호
중원구,도촌동,분당밝은아이동물병원,2018-04-16,"경기도 성남시 중원구 성남대로997번길 51-16, 1층 (여수동)",경기도 성남시 중원구 여수동 312번지
중원구,은행2동,25시 동물병원,2018-05-01,경기도 성남시 중원구 산성대로504번길 1 (은행동),경기도 성남시 중원구 은행동 1589
수정구,위례동,위례중앙동물의료센터,2018-05-23,"경기도 성남시 수정구 위례광장로 104, 위례 한화 오벨리스크 센트럴스퀘어 (창곡동)",경기도 성남시 수정구 창곡동 505번지 위례 한화 오벨리스크 센트럴스퀘어
분당구,수내1동,서공동물병원,2018-05-30,"경기도 성남시 분당구 내정로 170, 동신파크빌딩 204호 (수내동)",경기도 성남시 분당구 수내동 58-1번지 동신파크빌딩 204호
분당구,정자1동,분당다원동물병원,2018-08-20,"경기도 성남시 분당구 정자일로 100, 116호 (정자동, 미켈란쉐르빌)",경기도 성남시 분당구 정자동 180번지 미켈란쉐르빌 116호
분당구,금곡동,동물병원루니,2018-11-21,"경기도 성남시 분당구 미금로 251, 112·201·202·203호 (금곡동, 청솔마을성원아파트)",경기도 성남시 분당구 금곡동 143번지 청솔마을성원아파트
분당구,정자2동,분당데이지동물병원,2019-01-10,"경기도 성남시 분당구 내정로 58, 스포라이프 스포츠센타 107호 (정자동)",경기도 성남시 분당구 정자동 117-1번지 스포라이프 스포츠센타 107호
분당구,백현동,365동판교동물병원,2019-01-27,"경기도 성남시 분당구 판교역로14번길 20, (주)코레드디엔씨 2층 201호 (백현동)",경기도 성남시 분당구 백현동 564-5번지 (주)코레드디엔씨 201호
분당구,구미동,24시분당리더스동물의료원,2019-05-17,"경기도 성남시 분당구 성남대로 45, 계영빌딩 202, 203호 (구미동)",경기도 성남시 분당구 구미동 157 계영빌딩 202·203호
분당구,정자동,더클래스동물메디컬센터,2019-06-09,"경기도 성남시 분당구 성남대로 275, A동 101-1호 (정자동, 삼성아데나팰리스아파트)",경기도 성남시 분당구 정자동 169-1 삼성아데나팰리스아파트 A동 101-1호
분당구,수내3동,이레외과동물병원,2019-07-12,"경기도 성남시 분당구 백현로101번길 11, 동현프라자 205호 (수내동)",경기도 성남시 분당구 수내동 20-6 동현프라자 205호
분당구,운중동,장재영외과동물병원,2019-07-15,"경기도 성남시 분당구 운중로 142, 판교메디칼타워 2층 (운중동)",경기도 성남시 분당구 운중동 940 판교메디칼타워
수정구,위례동,365동물병원위례점,2020-01-30,"경기도 성남시 수정구 위례동로 153, 에이플타워 205호 (창곡동)",경기도 성남시 수정구 창곡동 513 에이플타워
수정구,신흥3동,휴동물의료센터,2020-03-11,"경기도 성남시 수정구 산성대로 309, 2층 (신흥동, 고려빌딩)",경기도 성남시 수정구 신흥동 2475번지 고려빌딩
중원구,금광2동,해오름동물병원,2020-04-02,"경기도 성남시 중원구 희망로 402, 지하1층 (금광동)",경기도 성남시 중원구 금광동 113번지
중원구,성남동,래온동물병원,2020-05-19,"경기도 성남시 중원구 광명로 89, 성남 센트럴 푸르지오 시티 1층 134,135호 (성남동)",경기도 성남시 중원구 성남동 1404
분당구,운중동,고양이병원 소설,2020-11-12,"경기도 성남시 분당구 운중로146번길 31-2, 1층 (운중동)",경기도 성남시 분당구 운중동 1026-5
중원구,은행2동,동물병원 Dr.정,2021-01-18,"경기도 성남시 중원구 산성대로 498, 1층 102호 (은행동)",경기도 성남시 중원구 은행동 1633
중원구,금광1동,지음동물의료센터,2021-02-09,"경기도 성남시 중원구 광명로 321, 정성빌딩 1층 (금광동)",경기도 성남시 중원구 금광동 3704 정성빌딩
중원구,상대원1동,상대원 동물병원,2021-03-29,"경기도 성남시 중원구 희망로 350, 1층 (상대원동)",경기도 성남시 중원구 상대원동 2999-26
분당구,구미동,뉴욕동물병원,2021-04-23,"경기도 성남시 분당구 미금로 45, 진도훼미리프라자 211호 (구미동)",경기도 성남시 분당구 구미동 203번지 2호 진도훼미리프라자 
수정구,수진2동,태평역 동물병원,2021-08-03,"경기도 성남시 수정구 성남대로 1222, 예농빌딩 1층 (수진동)",경기도 성남시 수정구 수진동 3011번지 예농빌딩 
분당구,정자1동,하온동물의료센터,2021-09-16,"경기도 성남시 분당구 느티로 27, 하나플라자빌딩 2층 203호 (정자동)",경기도 성남시 분당구 정자동 15번지 7호 하나플라자빌딩 
수정구,신흥2동,모아 동물병원,2022-06-14,"경기도 성남시 수정구 수정로 291, 포레스티아 서문상가 1층 101호 (신흥동)",경기도 성남시 수정구 신흥동 6953
분당구,정자동,빌리브동물병원,2022-06-14,"경기도 성남시 분당구 성남대로 449, 111,112,113호 (정자동, 로얄팰리스)","경기도 성남시 분당구 정자동 28번지 1호 로얄팰리스 111,112,113호 "
중원구,도촌동,우주동물병원,2022-07-04,"경기도 성남시 중원구 양현로405번길 5, 신야탑푸르지오시티 1 101,102호 (여수동)","경기도 성남시 중원구 여수동 205번지 신야탑푸르지오시티 1 101,102호 "
분당구,운중동,판교포레동물병원,2022-07-07,"경기도 성남시 분당구 판교대장로6길 10,  동 207,208,209,210호 (대장동)","경기도 성남시 분당구 대장동 202번지 4호 207,208,209,210호 "
분당구,정자1동,정자현대동물병원,2022-09-06,"경기도 성남시 분당구 성남대로331번길 3-13, 대명제스트빌딩 5층 (정자동)",경기도 성남시 분당구 정자동 156번지 3호 대명제스트빌딩 5층 
수정구,신흥3동,스타동물의료센터,2023-06-16,"경기도 성남시 수정구 수정로 287, 2층 (신흥동)","경기도 성남시 수정구 수정로 287, 2층 (신흥동)"
수정구,신흥3동,동물병원 더 하임,2023-06-29,"경기도 성남시 수정구 수정로 273, 수정빌딩 1층 (신흥동)",경기도 성남시 수정구 신흥동 34 수정빌딩
분당구,운중동,라엘동물의료센터,2023-07-04,"경기도 성남시 분당구 운중로 172, 트윈플라자-1 101,102호 (운중동)","경기도 성남시 분당구 운중로 172, 트윈플라자-1 101,102호 (운중동)"
분당구,서현1동,해마루 동물병원,2023-07-21,경기도 성남시 분당구 황새울로319번길 8-6 (서현동),경기도 성남시 분당구 서현동 272-5 수의과학회관
중원구,금광2동,서울동물병원,2023-08-03,"경기도 성남시 중원구 산성대로 388-1, 1층 (금광동)","경기도 성남시 중원구 산성대로 388-1, 1층 (금광동)"
수정구,수진1동,성남 시립동물병원,2023-09-19,"경기도 성남시 수정구 탄리로 59, 공영주차장(수정커뮤니티센터) 지하1층 B103-B106호 (수진동)",경기도 성남시 수정구 수진동 587 공영주차장(수정커뮤니티센터)
분당구,운중동,소랑동물병원,2023-10-10,"경기도 성남시 분당구 판교대장로7길 16, 1층 102호 (대장동, 힐스테이트 판교 엘포레 A6BL)","경기도 성남시 분당구 판교대장로7길 16, 1층 102호 (대장동, 힐스테이트 판교 엘포레 A6BL)"
수정구,고등동,고등동물병원,2023-10-11,"경기도 성남시 수정구 고등로1길 6-4, 101호 (고등동)",경기도 성남시 수정구 고등동 575-1
수정구,위례동,위례 바른 동물의료센터,2024-01-12,"경기도 성남시 수정구 위례광장로 310, 우성트램타워 A동 201호 (창곡동)",경기도 성남시 수정구 창곡동 509-1
중원구,중앙동,더편한동물병원,2024-01-18,"경기도 성남시 중원구 광명로 176, 상가동 2층 216호 (중앙동, 신흥역 하늘채 랜더스원 1단지)","경기도 성남시 중원구 광명로 176, 상가동 2층 216호 (중앙동, 신흥역 하늘채 랜더스원 1단지)"
분당구,정자동,한별피그크리닉,2024-01-19,"경기도 성남시 분당구 정자일로213번길 19, 201동 208호 (정자동, 아이파크분당2)",경기도 성남시 분당구 정자동 10-1 아이파크분당2
수정구,시흥동,윤성진 안과/외과 동물병원,2024-02-05,경기도 성남시 수정구 설개로21번길 7 (시흥동),경기도 성남시 수정구 설개로21번길 7 (시흥동)
분당구,수내2동,분당 피엘 동물피부클리닉,2024-03-15,"경기도 성남시 분당구 수내로 39, 223호 (수내동, 분당지웰푸르지오)",경기도 성남시 분당구 수내동 1-1 분당지웰푸르지오
분당구,구미동,리더스 외과 동물병원,2025-03-26,"경기도 성남시 분당구 성남대로 45, 2층 201호 (구미동)",경기도 성남시 분당구 구미동 157번지 
